"Time","89.875_22.875","90.125_22.875","90.375_22.875","90.625_22.875","90.875_22.875","91.125_22.875","91.375_22.875","91.625_22.875","91.875_22.875","92.125_22.875","92.375_22.875","92.625_22.875","92.875_22.875","93.125_22.875","93.375_22.875","93.625_22.875","93.875_22.875","94.125_22.875","94.375_22.875","89.875_23.125","90.125_23.125","90.375_23.125","90.625_23.125","90.875_23.125","91.125_23.125","91.375_23.125","91.625_23.125","91.875_23.125","92.125_23.125","92.375_23.125","92.625_23.125","92.875_23.125","93.125_23.125","93.375_23.125","93.625_23.125","93.875_23.125","94.125_23.125","94.375_23.125","89.875_23.375","90.125_23.375","90.375_23.375","90.625_23.375","90.875_23.375","91.125_23.375","91.375_23.375","91.625_23.375","91.875_23.375","92.125_23.375","92.375_23.375","92.625_23.375","92.875_23.375","93.125_23.375","93.375_23.375","93.625_23.375","93.875_23.375","94.125_23.375","94.375_23.375","89.875_23.625","90.125_23.625","90.375_23.625","90.625_23.625","90.875_23.625","91.125_23.625","91.375_23.625","91.625_23.625","91.875_23.625","92.125_23.625","92.375_23.625","92.625_23.625","92.875_23.625","93.125_23.625","93.375_23.625","93.625_23.625","93.875_23.625","94.125_23.625","94.375_23.625","89.875_23.875","90.125_23.875","90.375_23.875","90.625_23.875","90.875_23.875","91.125_23.875","91.375_23.875","91.625_23.875","91.875_23.875","92.125_23.875","92.375_23.875","92.625_23.875","92.875_23.875","93.125_23.875","93.375_23.875","93.625_23.875","93.875_23.875","94.125_23.875","94.375_23.875","89.875_24.125","90.125_24.125","90.375_24.125","90.625_24.125","90.875_24.125","91.125_24.125","91.375_24.125","91.625_24.125","91.875_24.125","92.125_24.125","92.375_24.125","92.625_24.125","92.875_24.125","93.125_24.125","93.375_24.125","93.625_24.125","93.875_24.125","94.125_24.125","94.375_24.125","89.875_24.375","90.125_24.375","90.375_24.375","90.625_24.375","90.875_24.375","91.125_24.375","91.375_24.375","91.625_24.375","91.875_24.375","92.125_24.375","92.375_24.375","92.625_24.375","92.875_24.375","93.125_24.375","93.375_24.375","93.625_24.375","93.875_24.375","94.125_24.375","94.375_24.375","89.875_24.625","90.125_24.625","90.375_24.625","90.625_24.625","90.875_24.625","91.125_24.625","91.375_24.625","91.625_24.625","91.875_24.625","92.125_24.625","92.375_24.625","92.625_24.625","92.875_24.625","93.125_24.625","93.375_24.625","93.625_24.625","93.875_24.625","94.125_24.625","94.375_24.625","89.875_24.875","90.125_24.875","90.375_24.875","90.625_24.875","90.875_24.875","91.125_24.875","91.375_24.875","91.625_24.875","91.875_24.875","92.125_24.875","92.375_24.875","92.625_24.875","92.875_24.875","93.125_24.875","93.375_24.875","93.625_24.875","93.875_24.875","94.125_24.875","94.375_24.875","89.875_25.125","90.125_25.125","90.375_25.125","90.625_25.125","90.875_25.125","91.125_25.125","91.375_25.125","91.625_25.125","91.875_25.125","92.125_25.125","92.375_25.125","92.625_25.125","92.875_25.125","93.125_25.125","93.375_25.125","93.625_25.125","93.875_25.125","94.125_25.125","94.375_25.125","89.875_25.375","90.125_25.375","90.375_25.375","90.625_25.375","90.875_25.375","91.125_25.375","91.375_25.375","91.625_25.375","91.875_25.375","92.125_25.375","92.375_25.375","92.625_25.375","92.875_25.375","93.125_25.375","93.375_25.375","93.625_25.375","93.875_25.375","94.125_25.375","94.375_25.375","89.875_25.625","90.125_25.625","90.375_25.625","90.625_25.625","90.875_25.625","91.125_25.625","91.375_25.625","91.625_25.625","91.875_25.625","92.125_25.625","92.375_25.625","92.625_25.625","92.875_25.625","93.125_25.625","93.375_25.625","93.625_25.625","93.875_25.625","94.125_25.625","94.375_25.625","89.875_25.875","90.125_25.875","90.375_25.875","90.625_25.875","90.875_25.875","91.125_25.875","91.375_25.875","91.625_25.875","91.875_25.875","92.125_25.875","92.375_25.875","92.625_25.875","92.875_25.875","93.125_25.875","93.375_25.875","93.625_25.875","93.875_25.875","94.125_25.875","94.375_25.875"
2020-02-12 00:00:00,1016.638359375,1016.40796875,1016.381953125,1016.46109375,1015.989765625,1015.829765625,1015.280546875,1012.627890625,1008.180234375,1007.014609375,1003.10625,979.90734375,940.344453125,910.27515625,873.0178125,864.7471875,926.135078125,970.72859375,978.7425,1016.60421875,1016.410234375,1016.254453125,1016.099609375,1015.700078125,1015.709921875,1014.55609375,1010.804453125,1007.097890625,1007.78875,994.826171875,965.26125,933.071953125,913.247265625,888.366875,857.250390625,911.081796875,983.87765625,988.7371875,1016.328125,1016.310546875,1016.246953125,1016.09546875,1015.752578125,1015.115859375,1012.71109375,1008.24234375,1004.182109375,1004.689453125,983.4790625,951.04015625,925.7315625,906.077109375,886.43125,861.87375,908.479296875,982.870390625,987.340703125,1016.22765625,1016.23859375,1016.06515625,1015.99234375,1015.8646875,1014.7003125,1011.477421875,1005.574609375,999.309453125,994.47734375,973.555,949.51625,934.22828125,901.46328125,878.799609375,864.057890625,891.645625,960.373515625,985.969140625,1016.029296875,1015.789765625,1015.537421875,1015.59484375,1015.728515625,1015.159296875,1011.52546875,1005.482890625,1001.37765625,995.214375,980.35890625,966.2471875,947.7625,915.236875,892.540859375,876.74015625,875.021015625,945.826328125,987.749765625,1015.7759375,1015.27359375,1014.934765625,1015.100703125,1015.378046875,1015.463203125,1013.320625,1010.23953125,1007.34703125,1004.815859375,997.67765625,987.160390625,966.949453125,936.955546875,912.227265625,902.21,888.2128125,931.2975,980.85703125,1015.392421875,1014.777734375,1014.832421875,1015.105,1015.409296875,1015.6403125,1015.091640625,1013.9559375,1012.506953125,1010.27046875,1007.794140625,1003.258984375,991.87203125,970.29078125,935.679296875,908.14109375,908.5390625,914.505390625,964.22203125,1015.03453125,1014.750625,1014.96484375,1015.117890625,1015.4175,1015.64828125,1015.48,1015.093203125,1014.522734375,1013.318359375,1012.53046875,1012.86953125,1009.32859375,992.938359375,952.4,915.625859375,920.067890625,911.0584375,934.02984375,1014.807265625,1014.918203125,1015.32140625,1015.905625,1015.403984375,1015.651328125,1015.5790625,1015.20984375,1014.353046875,1014.556015625,1013.685390625,1007.6696875,1003.439375,992.74828125,962.672265625,913.16109375,905.84296875,905.053046875,890.00046875,1014.17796875,1013.39625,1012.368671875,1009.776953125,1004.770390625,1004.16671875,999.735078125,992.876484375,992.051796875,988.091640625,969.56953125,938.583984375,940.140390625,947.32078125,929.8746875,893.1346875,871.414609375,878.803359375,852.98140625,1012.016171875,999.280390625,976.28875,976.962890625,972.136875,934.930546875,888.111953125,870.490234375,882.690390625,893.600625,898.784375,910.610078125,943.13390625,965.494765625,935.264609375,901.205390625,858.525546875,843.578828125,853.60015625,1012.243671875,988.7746875,963.1196875,972.48421875,955.613671875,910.085546875,878.229921875,871.278984375,878.617421875,891.2409375,904.780234375,942.78796875,985.794609375,990.0809375,980.2553125,958.079609375,892.5459375,849.86328125,866.776171875,1013.278203125,1007.23875,999.182421875,996.119140625,987.9284375,983.504453125,982.11671875,967.755078125,949.080078125,934.531875,944.072421875,976.220390625,1004.79015625,999.8384375,992.5515625,995.055390625,977.004453125,924.629609375,884.5340625
2020-02-12 03:00:00,1017.948515625,1017.66375,1017.579609375,1017.696171875,1017.316953125,1017.274765625,1016.8903125,1014.429140625,1010.137109375,1009.006171875,1004.83578125,980.92140625,941.2603125,910.965234375,873.71234375,865.71578125,926.84921875,972.030546875,980.20703125,1017.926015625,1017.77703125,1017.63203125,1017.5046875,1017.144765625,1017.19296875,1016.1646875,1012.60125,1009.082734375,1009.621640625,996.481796875,966.60640625,934.359609375,914.2275,889.133359375,858.877265625,912.48125,985.219375,990.40625,1017.638046875,1017.64421875,1017.651484375,1017.596875,1017.291171875,1016.64578125,1014.299375,1009.973203125,1006.1315625,1006.431875,985.07078125,952.60421875,927.209609375,907.39484375,887.531875,863.568515625,909.9509375,984.114140625,989.085,1017.6240625,1017.598671875,1017.418046875,1017.412109375,1017.335546875,1016.188359375,1013.0321875,1007.239609375,1001.1709375,996.17265625,975.18953125,951.1496875,935.56578125,903.05984375,880.443203125,865.90734375,893.18234375,961.319921875,987.42765625,1017.516484375,1017.24234375,1017.00984375,1017.075546875,1017.2171875,1016.69,1013.097109375,1007.130078125,1003.10453125,996.811015625,981.906875,967.62703125,948.96625,916.690859375,894.0315625,878.457109375,876.730703125,946.215859375,988.62796875,1017.283828125,1016.8059375,1016.5521875,1016.740625,1017.02609375,1017.174453125,1014.9865625,1011.890390625,1009.005625,1006.39390625,999.15015625,988.3271875,967.942421875,938.0134375,913.364765625,903.57046875,889.848203125,931.765859375,981.535234375,1016.981484375,1016.410546875,1016.5828125,1016.8846875,1017.205078125,1017.48421875,1016.90828125,1015.78046875,1014.3190625,1012.048828125,1009.472421875,1004.687265625,993.065078125,971.01984375,936.40859375,909.590625,910.07578125,915.859765625,965.2446875,1016.65609375,1016.46640625,1016.786796875,1016.95015625,1017.20984375,1017.366796875,1017.18828125,1016.829296875,1016.3128125,1015.151953125,1014.3234375,1014.50796875,1010.755625,993.69734375,952.975859375,917.018203125,921.366484375,912.42171875,934.80765625,1016.4703125,1016.65640625,1017.093984375,1017.613359375,1016.99828125,1017.07625,1016.896015625,1016.58171875,1015.866953125,1016.189453125,1015.382734375,1009.35328125,1004.9209375,993.7371875,963.316171875,914.42765625,907.00296875,905.99140625,890.970078125,1015.766171875,1014.815859375,1013.51796875,1010.647890625,1005.425390625,1003.990859375,998.359375,991.338828125,991.016171875,987.796875,970.181484375,939.833984375,941.7253125,948.933828125,931.24859375,894.545859375,872.66890625,879.95546875,854.6778125,1013.49859375,1000.30546875,977.14265625,977.535703125,972.379609375,934.640078125,887.229140625,869.786171875,882.20359375,893.53203125,899.349375,911.481953125,944.465234375,967.116015625,936.8178125,902.23625,859.355234375,844.994921875,855.169921875,1013.7828125,990.00609375,964.18109375,973.112265625,956.11171875,910.212109375,877.727265625,871.02640625,878.92765625,891.9065625,905.74765625,943.6615625,986.983828125,991.6625,981.510234375,958.301015625,892.41359375,850.6371875,868.000078125,1014.849296875,1008.57125,1000.251328125,996.98,988.720234375,983.721171875,981.257109375,966.862421875,949.0178125,935.17375,945.10921875,977.52953125,1006.504921875,1001.6378125,994.07015625,995.82375,976.880546875,924.604296875,885.465703125
2020-02-12 06:00:00,1017.66203125,1017.33625,1017.097578125,1017.06171875,1016.57609375,1016.3484375,1015.739296875,1013.085,1008.589140625,1007.093515625,1002.810859375,979.160859375,939.786171875,909.65921875,872.587578125,864.405078125,925.282421875,970.0075,978.1140625,1017.634375,1017.345703125,1016.993359375,1016.69375,1016.26484375,1016.169296875,1014.927734375,1011.182109375,1007.4775,1007.699921875,994.64859375,964.9225,932.70375,912.586796875,887.662265625,857.484375,910.887734375,982.95125,987.90765625,1017.312578125,1017.211796875,1017.082734375,1016.82140625,1016.341640625,1015.560625,1013.09703125,1008.58171875,1004.503203125,1004.553359375,983.345078125,950.978203125,925.549375,905.764296875,885.98890625,862.156171875,908.495234375,981.9509375,986.6434375,1017.15375,1017.179453125,1017.021796875,1016.8325,1016.53234375,1015.23234375,1011.970859375,1005.999609375,999.77671875,994.630390625,973.657421875,949.52734375,933.79828125,901.424765625,878.844609375,864.409375,891.815,959.643828125,985.209375,1016.88109375,1016.72609375,1016.503203125,1016.489375,1016.44859375,1015.801875,1012.105625,1006.018984375,1001.8553125,995.511953125,980.545390625,966.04046875,947.2003125,914.926328125,892.18125,876.68828125,875.30171875,944.758046875,986.521796875,1016.689296875,1016.25640625,1015.939765625,1016.03953125,1016.223984375,1016.32234375,1013.96578125,1010.73984375,1007.721171875,1004.9946875,997.6528125,986.693984375,966.195703125,936.195625,911.42515625,901.545390625,888.12171875,930.226484375,979.555390625,1016.521015625,1015.798828125,1015.81015625,1016.02265625,1016.277421875,1016.612734375,1015.7696875,1014.501015625,1012.859765625,1010.404296875,1007.70515625,1002.799765625,991.085234375,969.030703125,934.435234375,907.639140625,907.98421875,913.946953125,963.2725,1015.971640625,1015.6925,1015.87078125,1015.945390625,1016.168046875,1016.327109375,1016.0778125,1015.567109375,1014.8284375,1013.458359375,1012.426015625,1012.33875,1008.403984375,991.4528125,951.044765625,915.06703125,919.07015625,910.283828125,932.92640625,1015.77859375,1015.80046875,1016.110390625,1016.58640625,1016.015546875,1016.172265625,1015.995703125,1015.5103125,1014.54375,1014.5684375,1013.536796875,1007.32375,1002.59234375,991.39453125,961.305859375,912.708671875,905.166875,903.987890625,889.259765625,1015.144375,1014.030625,1012.662109375,1009.882109375,1004.800625,1003.40515625,997.862890625,990.806484375,990.259609375,986.824453125,969.18046875,938.99046875,940.7075,947.577734375,929.718671875,893.0290625,871.128671875,878.17734375,853.083671875,1012.804765625,999.879375,976.90578125,977.23,972.186796875,934.65078125,887.44359375,870.046171875,882.21578125,893.229140625,899.0178125,911.18265625,943.875390625,966.003515625,935.629140625,900.9728125,858.104296875,843.538359375,853.46109375,1013.009375,989.6659375,964.08203125,972.933515625,956.18484375,910.542578125,878.0634375,871.18703125,878.81625,891.60515625,905.419140625,943.20421875,986.052578125,990.357265625,980.04078125,956.8034375,891.16328125,849.285859375,866.0721875,1014.126953125,1007.981171875,999.69734375,996.44640625,988.339765625,983.383828125,980.878671875,966.482578125,948.63265625,934.765625,944.549296875,976.5659375,1005.142109375,1000.200078125,992.336171875,993.81671875,975.05578125,922.911875,883.67796875
2020-02-12 09:00:00,1014.216796875,1014.081875,1014.020703125,1014.039140625,1013.59578125,1013.438828125,1012.83109375,1010.17703125,1005.7496875,1004.347265625,1000.27140625,977.13203125,938.208984375,908.2990625,871.536015625,863.159375,923.426640625,967.737265625,975.802109375,1014.041015625,1013.92328125,1013.742734375,1013.53859375,1013.21703125,1013.192734375,1011.94078125,1008.158203125,1004.459765625,1004.767578125,992.069921875,962.85328125,930.991875,911.072109375,886.52375,856.378046875,909.33,980.67703125,985.60296875,1013.666875,1013.638515625,1013.62328125,1013.5178125,1013.17921875,1012.480546875,1010.0546875,1005.638515625,1001.58328125,1001.67015625,980.8875,948.901875,923.7,904.1503125,884.75234375,861.02453125,906.9090625,979.77234375,984.401875,1013.5228125,1013.57578125,1013.491328125,1013.45140625,1013.285859375,1012.077265625,1008.885390625,1003.10640625,996.97609375,991.945703125,971.313203125,947.398984375,931.863046875,899.843671875,877.5503125,863.18546875,890.26234375,957.6315625,982.939296875,1013.30953125,1013.18578125,1012.970390625,1013.0375,1013.03859375,1012.50015625,1008.95140625,1003.026484375,998.9653125,992.773125,978.0725,963.790859375,945.246640625,913.320625,890.78671875,875.33953125,873.851171875,942.831015625,984.226171875,1013.081640625,1012.66375,1012.30671875,1012.4003125,1012.62390625,1012.823671875,1010.64515625,1007.521953125,1004.589609375,1001.994453125,994.872265625,984.211328125,964.09390625,934.451796875,909.8371875,899.90078125,886.552890625,928.4965625,977.386640625,1012.785,1012.0734375,1012.043046875,1012.261328125,1012.58375,1013.008515625,1012.2528125,1011.071640625,1009.54953125,1007.2296875,1004.691015625,999.999140625,988.61328125,966.9403125,932.73125,905.90125,906.090078125,912.338671875,961.354140625,1012.1953125,1011.903359375,1012.049375,1012.14109375,1012.42640625,1012.680625,1012.49171875,1012.083515625,1011.48515625,1010.23671875,1009.32234375,1009.360625,1005.561328125,988.947265625,949.096171875,913.31046875,917.069296875,908.584609375,931.212578125,1011.92796875,1011.97265625,1012.252890625,1012.73484375,1012.2196875,1012.465078125,1012.379921875,1012.032265625,1011.1740625,1011.316484375,1010.41875,1004.403984375,999.843359375,988.832109375,959.19609375,911.01078125,903.32640625,902.372890625,887.8340625,1011.241796875,1010.175546875,1008.831171875,1006.102265625,1001.112734375,999.90265625,994.59796875,987.649609375,987.178203125,983.8440625,966.443671875,936.620546875,938.43734375,945.2975,927.909453125,891.553828125,869.65171875,876.61140625,851.81234375,1008.909140625,996.1196875,973.3575,973.67875,968.775234375,931.809765625,884.905234375,867.46015625,879.645234375,890.832265625,896.658359375,908.53546875,941.077890625,963.27921875,933.474140625,899.1790625,856.571875,842.072421875,851.970859375,1009.0459375,985.95734375,960.557265625,969.277578125,952.86125,907.58265625,875.299140625,868.4859375,876.216875,888.912109375,902.605234375,940.103515625,982.70125,987.2965625,977.326015625,954.478359375,889.417890625,847.93171875,864.7065625,1010.19609375,1004.133125,995.887265625,992.613046875,984.60546875,979.7634375,977.383125,963.16625,945.44984375,931.655078125,941.39015625,973.155859375,1001.49984375,996.908046875,989.42140625,991.167265625,972.827421875,921.287734375,882.361171875
2020-02-12 12:00:00,1013.828125,1013.65984375,1013.689375,1013.761484375,1013.25734375,1013.0571875,1012.45796875,1009.786015625,1005.4034375,1003.9775,999.86765625,976.771484375,937.935625,908.03125,871.108828125,862.9159375,923.21078125,967.295078125,975.166953125,1013.878984375,1013.736328125,1013.61125,1013.423671875,1012.9621875,1012.88015625,1011.6534375,1007.899375,1004.20359375,1004.532734375,991.779609375,962.638359375,930.825859375,910.8878125,886.1421875,855.99,908.902890625,980.013203125,984.926484375,1013.668359375,1013.6615625,1013.625703125,1013.46546875,1013.046875,1012.300625,1009.835703125,1005.39203125,1001.3478125,1001.391328125,980.64921875,948.7484375,923.574609375,903.964375,884.376328125,860.680625,906.53234375,979.165234375,983.69,1013.566953125,1013.60890625,1013.501640625,1013.408984375,1013.197109375,1011.944375,1008.677421875,1002.843984375,996.6584375,991.609453125,971.09875,947.24609375,931.7425,899.6321875,877.2225,862.95671875,890.08328125,957.12875,982.2284375,1013.44421875,1013.27953125,1013.0715625,1013.08484375,1013.102734375,1012.421171875,1008.77953125,1002.801953125,998.644140625,992.385234375,977.781875,963.569140625,945.077578125,913.135546875,890.602890625,875.258046875,873.704453125,942.37171875,983.585,1013.291484375,1012.8790625,1012.5675,1012.653828125,1012.79671875,1012.797734375,1010.65515625,1007.48140625,1004.40484375,1001.624140625,994.52484375,983.9390625,963.903984375,934.326484375,909.76,899.96359375,886.512578125,928.112578125,976.828125,1012.935546875,1012.3953125,1012.427734375,1012.603515625,1012.821640625,1013.051015625,1012.46078125,1011.146796875,1009.430859375,1006.98,1004.369140625,999.69171875,988.368046875,966.80671875,932.69171875,905.96171875,906.190546875,912.15640625,960.918046875,1012.502734375,1012.284375,1012.4765625,1012.539765625,1012.756328125,1013.00046875,1012.761875,1012.17921875,1011.393828125,1009.9878125,1009.0021875,1009.05984375,1005.3840625,988.924140625,949.176640625,913.480703125,917.156328125,908.591328125,930.982265625,1012.2246875,1012.3315625,1012.69140625,1013.17859375,1012.611328125,1012.79546875,1012.64078125,1012.16671875,1011.21,1011.232265625,1010.192421875,1004.160703125,999.81234375,988.975859375,959.4034375,911.20359375,903.38890625,902.28359375,887.6646875,1011.59828125,1010.688671875,1009.41203125,1006.653828125,1001.6128125,1000.27765625,994.76453125,987.756875,987.258359375,983.84765625,966.426640625,936.60515625,938.360703125,945.329765625,927.93234375,891.586015625,869.635625,876.507265625,851.62328125,1009.420234375,996.807421875,974.1315625,974.433828125,969.476875,932.20125,885.050546875,867.617109375,879.82859375,890.9825,896.648046875,908.66609375,941.051328125,963.163515625,933.3896875,899.17703125,856.54234375,841.9640625,851.957578125,1009.532109375,986.561328125,961.27296875,970.007578125,953.4203125,908.07640625,875.64890625,868.854140625,876.48171875,889.196640625,902.861796875,940.28171875,982.669765625,987.154375,977.2196875,954.4259375,889.3053125,847.658984375,864.515234375,1010.511171875,1004.4821875,996.393828125,993.11171875,985.040078125,980.125234375,977.67140625,963.514453125,945.806796875,931.984921875,941.658203125,973.26609375,1001.3909375,996.72984375,989.33265625,991.048125,972.51640625,921.013828125,882.00578125
2020-02-12 15:00:00,1015.23109375,1015.04359375,1014.975859375,1014.99484375,1014.499453125,1014.339921875,1013.795390625,1011.122890625,1006.73359375,1005.383671875,1001.516015625,978.146640625,939.01984375,909.161328125,872.1525,863.72546875,924.227109375,968.844765625,976.843828125,1015.177421875,1015.012265625,1014.815234375,1014.61296875,1014.15859375,1014.09828125,1012.9225,1009.227890625,1005.538515625,1006.00546875,993.160390625,963.6953125,931.809765625,912.0675,887.39625,856.90578125,909.81046875,981.5334375,986.639140625,1014.830390625,1014.87375,1014.84078125,1014.620859375,1014.150234375,1013.41125,1010.991640625,1006.609921875,1002.59203125,1002.74046875,981.83171875,949.730703125,924.564765625,905.067109375,885.592265625,861.669375,907.491796875,980.582890625,985.188828125,1014.652421875,1014.733515625,1014.60875,1014.463125,1014.245,1013.0159375,1009.77578125,1003.99296875,997.815390625,992.7378125,972.137109375,948.26046875,932.872421875,900.693046875,878.311171875,863.90828125,890.929609375,958.272578125,983.58046875,1014.355390625,1014.172265625,1013.9940625,1014.02828125,1014.049609375,1013.393984375,1009.779453125,1003.806796875,999.675078125,993.453203125,978.845234375,964.66703125,946.243671875,914.265703125,891.76328125,876.355234375,874.558515625,943.471171875,984.869296875,1014.081953125,1013.63015625,1013.35765625,1013.48734375,1013.6790625,1013.692265625,1011.53375,1008.3384375,1005.335,1002.700390625,995.649921875,985.038359375,964.963828125,935.408671875,910.892890625,901.1790625,887.5625,929.2425,978.077734375,1013.7184375,1013.15578125,1013.22703125,1013.455625,1013.691953125,1013.857265625,1013.241796875,1011.920078125,1010.31703125,1008.02375,1005.552421875,1000.87125,989.409140625,967.847265625,933.74265625,907.012421875,907.351015625,913.2815625,962.134921875,1013.33375,1013.0665625,1013.2990625,1013.450859375,1013.718046875,1013.865078125,1013.570078125,1013.0071875,1012.32609375,1011.097265625,1010.281875,1010.452421875,1006.797109375,990.224765625,950.272890625,914.455546875,918.49390625,909.710859375,932.03453125,1013.029765625,1013.117421875,1013.529609375,1014.146640625,1013.6284375,1013.76765625,1013.595390625,1013.085625,1012.154765625,1012.273984375,1011.33859375,1005.3090625,1001.106640625,990.33671875,960.521875,912.12390625,904.509375,903.461171875,888.5565625,1012.309609375,1011.404140625,1010.209453125,1007.5290625,1002.447734375,1000.99015625,995.378203125,988.345234375,987.92375,984.620546875,967.212421875,937.291484375,939.179453125,946.23828125,928.808046875,892.387421875,870.4840625,877.70015625,852.47953125,1010.10640625,997.48421875,974.77,975.141796875,970.2028125,932.630546875,885.375859375,867.9921875,880.356171875,891.56359375,897.262421875,909.34046875,941.969765625,964.2459375,934.24828125,899.951015625,857.30390625,842.89203125,852.99890625,1010.325390625,987.348671875,962.031328125,970.887265625,954.29140625,908.673515625,876.1784375,869.419765625,877.182421875,890.0040625,903.64859375,941.15,983.736328125,988.3540625,978.342265625,955.35671875,890.09859375,848.52140625,865.587265625,1011.343203125,1005.349296875,997.3153125,994.10546875,986.001328125,981.0821875,978.624296875,964.468515625,946.75296875,932.984140625,942.658203125,974.307734375,1002.55125,997.989921875,990.60375,992.331015625,973.62953125,922.07171875,883.063828125
2020-02-12 18:00:00,1015.316015625,1015.174375,1015.223203125,1015.376953125,1015.000703125,1014.94109375,1014.513984375,1011.967578125,1007.641796875,1006.49390625,1002.367578125,978.8759375,939.571328125,909.476328125,872.3225,863.958984375,924.596796875,969.2928125,977.306015625,1015.397421875,1015.27125,1015.163671875,1015.0540625,1014.721484375,1014.804375,1013.7446875,1010.094765625,1006.44453125,1007.001328125,994.00703125,964.53359375,932.4725,912.48671875,887.603828125,857.054765625,910.144375,982.1028125,987.29953125,1015.19375,1015.26125,1015.27421875,1015.156953125,1014.824375,1014.22140625,1011.910703125,1007.50859375,1003.402265625,1003.630234375,982.551640625,950.409609375,925.135,905.480546875,885.848984375,861.859765625,907.786640625,981.085234375,985.884375,1015.045625,1015.168203125,1015.125703125,1015.124375,1014.98828125,1013.82671875,1010.67109375,1004.840546875,998.59484375,993.547890625,972.82125,948.8965625,933.38078125,901.06328125,878.60453125,864.15015625,891.1746875,958.62953125,984.15421875,1014.8234375,1014.67875,1014.547421875,1014.699921875,1014.836796875,1014.23875,1010.647734375,1004.663671875,1000.531796875,994.310390625,979.56078125,965.342421875,946.813828125,914.660078125,892.061796875,876.5809375,874.736171875,943.718671875,985.359140625,1014.514765625,1014.122578125,1013.890234375,1014.11703125,1014.40859375,1014.475703125,1012.373125,1009.2784375,1006.27875,1003.59421875,996.509609375,985.848203125,965.7028125,935.944765625,911.277265625,901.479296875,887.728671875,929.396640625,978.479296875,1014.0653125,1013.554609375,1013.704375,1014.050703125,1014.37984375,1014.591015625,1014.036484375,1012.79125,1011.193515625,1008.90515625,1006.494140625,1001.743671875,990.244609375,968.584921875,934.310703125,907.45984375,907.699921875,913.40421875,962.370703125,1013.63640625,1013.42875,1013.754921875,1013.97421875,1014.28796875,1014.4775,1014.211953125,1013.67796875,1013.023828125,1011.8975,1011.107421875,1011.216328125,1007.5659375,990.846171875,950.660859375,914.776953125,918.824453125,909.854140625,932.071953125,1013.354296875,1013.5540625,1014.040859375,1014.643359375,1014.130859375,1014.235859375,1014.017890625,1013.57625,1012.71625,1012.85890625,1012.022109375,1006.12078125,1001.883515625,990.96046875,960.835859375,912.278828125,904.71109375,903.5896875,888.525390625,1012.65,1011.84140625,1010.61390625,1007.8940625,1002.798203125,1001.294609375,995.62,988.6640625,988.350546875,984.980078125,967.517734375,937.571171875,939.496796875,946.513359375,928.978671875,892.49734375,870.5859375,877.719140625,852.550546875,1010.44296875,997.778515625,974.956875,975.33375,970.3825,932.713671875,885.43046875,868.0909375,880.461640625,891.668671875,897.48375,909.608671875,942.26953125,964.587109375,934.5146875,900.13109375,857.380078125,842.897734375,852.998046875,1010.66234375,987.564921875,962.135859375,971.018046875,954.403984375,908.759609375,876.298203125,869.522109375,877.277890625,890.08953125,903.834453125,941.405703125,984.133828125,988.7725,978.678984375,955.645546875,890.19921875,848.49984375,865.567734375,1011.748203125,1005.72421875,997.559609375,994.399609375,986.41390625,981.492109375,978.9840625,964.652421875,946.876953125,933.04703125,942.76359375,974.533125,1003.115078125,998.441171875,990.976953125,992.643515625,973.868515625,922.110390625,883.0278125
2020-02-12 21:00:00,1013.9721875,1013.809609375,1013.844140625,1014.070390625,1013.741484375,1013.694375,1013.378671875,1010.964765625,1006.61296875,1005.391171875,1001.255390625,977.6753125,938.407421875,908.344140625,871.1990625,862.916171875,923.73578125,968.460859375,976.56578125,1013.973671875,1013.840625,1013.768125,1013.766484375,1013.47484375,1013.57609375,1012.591796875,1009.08953125,1005.576171875,1006.04046875,992.94015625,963.402109375,931.315546875,911.337265625,886.475703125,856.0209375,909.248203125,981.291328125,986.51328125,1013.803984375,1013.854921875,1013.890078125,1013.83953125,1013.569609375,1013.00546875,1010.717890625,1006.367265625,1002.557109375,1002.8053125,981.60703125,949.3821875,924.043359375,904.371328125,884.742421875,860.827890625,906.860546875,980.264609375,985.143671875,1013.7840625,1013.90890625,1013.807734375,1013.7921875,1013.72625,1012.63234375,1009.49,1003.669296875,997.48578125,992.62796875,971.931640625,947.979375,932.41859375,900.048125,877.558515625,863.10890625,890.2509375,957.80171875,983.49921875,1013.59171875,1013.495703125,1013.34625,1013.464921875,1013.619609375,1013.08109375,1009.50859375,1003.543046875,999.4634375,993.35484375,978.695,964.4615625,945.89375,913.716171875,891.10625,875.619765625,873.822734375,942.88296875,984.6725,1013.323359375,1012.968828125,1012.754296875,1012.995625,1013.283359375,1013.34484375,1011.22796875,1008.180859375,1005.306953125,1002.81640625,995.6371875,984.91484375,964.7353125,934.968671875,910.33140625,900.598984375,886.878828125,928.53109375,977.68375,1012.91671875,1012.46734375,1012.671171875,1013.020234375,1013.32765625,1013.490703125,1012.915703125,1011.797421875,1010.43078125,1008.184453125,1005.617578125,1000.89640625,989.423203125,967.679140625,933.314453125,906.498125,906.834140625,912.604296875,961.59015625,1012.5796875,1012.4559375,1012.7653125,1012.96640625,1013.269375,1013.43796875,1013.2046875,1012.855,1012.36046875,1011.124453125,1010.346875,1010.67890625,1007.07390625,990.309296875,949.9496875,913.951015625,918.100546875,909.1771875,931.351484375,1012.419296875,1012.6375,1013.02296875,1013.631171875,1013.1153125,1013.242578125,1013.143671875,1012.85671875,1012.12625,1012.43703125,1011.615546875,1005.669609375,1001.42421875,990.458359375,960.349453125,911.598671875,903.977421875,902.93140625,887.773203125,1011.848046875,1010.91921875,1009.5753125,1006.86640625,1001.79984375,1000.325234375,994.8521875,988.00265625,987.764296875,984.55765625,967.051015625,936.939140625,938.8184375,945.925078125,928.35078125,891.75453125,869.857578125,877.04875,851.7928125,1009.71015625,996.84609375,973.901015625,974.280625,969.363359375,931.6821875,884.549453125,867.2471875,879.60203125,890.842734375,896.683515625,908.807265625,941.490703125,963.83921875,933.7303125,899.368203125,856.654765625,842.2365625,852.33703125,1009.983671875,986.715546875,961.17234375,970.083359375,953.481796875,907.75703125,875.32453125,868.570390625,876.314609375,889.173359375,902.96328125,940.65046875,983.4828125,988.13328125,978.0009375,954.942421875,889.480859375,847.818046875,864.997890625,1011.008203125,1004.935546875,996.708203125,993.5515625,985.526015625,980.521015625,978.058203125,963.81671875,946.03796875,932.1925,941.9521875,973.869453125,1002.405234375,997.8221875,990.355234375,991.9965625,973.191796875,921.399296875,882.401328125
2020-02-13 00:00:00,1014.452109375,1014.249765625,1014.262109375,1014.35875,1014.013203125,1014.134453125,1013.6703125,1011.03359375,1006.57671875,1005.33234375,1001.20546875,977.535234375,938.1984375,908.08125,870.8725,862.694140625,923.649453125,968.62,976.861796875,1014.330859375,1014.188671875,1014.100625,1013.99296875,1013.649765625,1013.89359375,1012.855,1009.115,1005.44578125,1005.92390625,992.776171875,963.181171875,931.093671875,911.10453125,886.13703125,855.7525,909.147265625,981.462734375,986.773359375,1014.053671875,1014.08203125,1014.06375,1013.98234375,1013.71875,1013.171484375,1010.90234375,1006.52046875,1002.480078125,1002.597578125,981.342578125,949.072578125,923.7709375,904.123125,884.48,860.597421875,906.781640625,980.41734375,985.391953125,1013.9265625,1014.00734375,1013.854453125,1013.8540625,1013.798046875,1012.7125,1009.5221875,1003.78875,997.61984375,992.489921875,971.630859375,947.63546875,932.097265625,899.76625,877.323359375,862.945625,890.204609375,957.90546875,983.782890625,1013.70515625,1013.541171875,1013.391796875,1013.49578125,1013.618671875,1013.0896875,1009.50578125,1003.54140625,999.52609375,993.219375,978.403515625,964.1384375,945.56375,913.432265625,890.87,875.450546875,873.756640625,942.966953125,984.9975,1013.42390625,1013.017265625,1012.777890625,1012.990625,1013.249140625,1013.271640625,1011.1825,1008.144453125,1005.263359375,1002.606640625,995.38859375,984.695078125,964.4840625,934.734453125,910.1459375,900.435078125,886.786796875,928.57515625,977.95640625,1012.99484375,1012.475625,1012.612421875,1012.93140625,1013.17921875,1013.298125,1012.862265625,1011.784453125,1010.304453125,1008.0596875,1005.558359375,1000.835625,989.310390625,967.55765625,933.212734375,906.42046875,906.806328125,912.55953125,961.74203125,1012.588203125,1012.331328125,1012.588359375,1012.782734375,1012.966171875,1013.1640625,1013.097890625,1012.760234375,1012.22734375,1011.09390625,1010.381328125,1010.666015625,1006.964375,990.14234375,949.76859375,913.795703125,917.963671875,908.956640625,931.277109375,1012.26640625,1012.341484375,1012.767109375,1013.386796875,1012.765546875,1012.994921875,1012.994765625,1012.7284375,1012.014453125,1012.33703125,1011.55265625,1005.586015625,1001.329609375,990.291171875,960.0390625,911.2784375,903.6896875,902.57734375,887.486640625,1011.49859375,1010.46703125,1009.18015625,1006.539453125,1001.453671875,1000.176640625,994.720703125,987.84296875,987.57703125,984.30125,966.71796875,936.565234375,938.5359375,945.666640625,928.0490625,891.4271875,869.516953125,876.659765625,851.4478125,1009.211640625,996.2528125,973.333359375,973.849375,968.858671875,931.278828125,884.113828125,866.808984375,879.2209375,890.48203125,896.276875,908.428046875,941.2146875,963.6246875,933.446328125,899.010078125,856.274765625,841.84359375,851.9825,1009.412265625,986.016796875,960.5428125,969.5625,952.824296875,907.126640625,874.7309375,868.0446875,875.855234375,888.72578125,902.54109375,940.298203125,983.251640625,987.96984375,977.84484375,954.693515625,889.119296875,847.4734375,864.73140625,1010.433125,1004.258203125,996.0809375,992.991328125,984.87609375,979.900390625,977.532734375,963.363359375,945.5928125,931.747109375,941.574375,973.571875,1002.308359375,997.769921875,990.28875,991.893515625,973.01046875,921.131875,882.138203125
2020-02-13 03:00:00,1016.141328125,1016.013671875,1016.005078125,1016.167578125,1015.66734375,1015.52921875,1014.9984375,1012.308984375,1007.791484375,1006.40578125,1002.15890625,978.44875,939.06015625,908.88046875,871.658359375,863.73890625,924.943515625,969.90546875,977.97828125,1016.05296875,1015.982265625,1015.7890625,1015.673984375,1015.303515625,1015.312734375,1014.1840625,1010.39328125,1006.64796875,1006.969375,993.880390625,964.16609375,932.015546875,911.93875,886.93328125,856.7503125,910.365703125,982.7884375,987.830078125,1015.7615625,1015.833125,1015.761640625,1015.578671875,1015.274453125,1014.6534375,1012.247578125,1007.732109375,1003.658828125,1003.743671875,982.513046875,950.201953125,924.842265625,905.069453125,885.30125,861.512734375,907.9078125,981.700625,986.44734375,1015.665,1015.70640625,1015.50765625,1015.387734375,1015.25484375,1014.198203125,1010.95,1005.000390625,998.795703125,993.69703125,972.82234375,948.80296875,933.184375,900.748125,878.180546875,863.822890625,891.181640625,959.061875,984.837109375,1015.432109375,1015.178125,1014.93703125,1014.96421875,1015.083671875,1014.561796875,1010.919765625,1004.828671875,1000.72125,994.43984375,979.62765625,965.32890625,946.66390625,914.41140625,891.735390625,876.238828125,874.653828125,944.01328125,986.013984375,1015.0803125,1014.56921875,1014.266015625,1014.4303125,1014.6875,1014.79125,1012.57484375,1009.45328125,1006.50109375,1003.868984375,996.684921875,985.92234375,965.606328125,935.72328125,911.03,901.205,887.58796875,929.5328125,979.01328125,1014.622890625,1014.023203125,1014.14359375,1014.422578125,1014.71265625,1014.9725,1014.35015625,1013.2053125,1011.719375,1009.45,1006.9075,1002.116015625,990.501171875,968.574140625,934.052734375,907.2115625,907.54625,913.42890625,962.830703125,1014.21421875,1014.01921875,1014.288046875,1014.43078125,1014.737421875,1014.95828125,1014.813984375,1014.446953125,1013.875390625,1012.6621875,1011.811640625,1011.935234375,1008.11375,991.141171875,950.665859375,914.663046875,918.7521875,909.80453125,932.335078125,1014.049921875,1014.233984375,1014.66140625,1015.2203125,1014.712578125,1014.947890625,1014.89515625,1014.5790625,1013.755,1013.919453125,1012.985078125,1006.880859375,1002.45921875,991.29765625,961.00640625,912.19359375,904.533984375,903.36359375,888.458828125,1013.439296875,1012.501953125,1011.32609375,1008.625078125,1003.544921875,1002.1990625,996.68015625,989.697109375,989.31484375,985.89203125,968.18859375,937.92890625,939.80921875,946.829296875,929.080546875,892.36453125,870.30859375,877.348046875,852.2390625,1011.261015625,998.22828125,975.35921875,975.851953125,970.841328125,933.166015625,885.87921875,868.46078125,880.73265625,891.922421875,897.686484375,909.7675,942.466328125,964.814296875,934.546953125,899.937734375,857.081484375,842.548671875,852.664140625,1011.554921875,988.05671875,962.555859375,971.489296875,954.66078125,908.871953125,876.38328125,869.57609375,877.279375,890.08421875,903.86765625,941.622890625,984.585625,989.16328125,978.92984375,955.62921875,889.92109375,848.214296875,865.34234375,1012.71265625,1006.42421875,998.178984375,994.970859375,986.743984375,981.657734375,979.161015625,964.86,947.023203125,933.11828125,942.89546875,974.906640625,1003.661015625,998.899375,991.27359375,992.8428125,973.906328125,921.848671875,882.766015625
2020-02-13 06:00:00,1015.325,1015.211875,1015.138828125,1015.311484375,1014.8921875,1014.59734375,1013.959921875,1011.218828125,1006.623671875,1005.061875,1000.7803125,977.235546875,937.98828125,907.93796875,870.97140625,863.0546875,923.780703125,968.387578125,976.41578125,1015.256796875,1015.1909375,1014.968515625,1014.7775,1014.484453125,1014.441953125,1013.20765625,1009.340546875,1005.491015625,1005.619375,992.59765625,962.970546875,930.867890625,910.888046875,886.05828125,856.14484375,909.374609375,981.214609375,986.175390625,1014.908203125,1014.950078125,1014.89875,1014.743125,1014.41578125,1013.741953125,1011.290390625,1006.704453125,1002.52953125,1002.501875,981.36921875,949.115390625,923.74984375,904.0759375,884.43859375,860.82046875,906.923984375,980.13359375,984.788671875,1014.77671875,1014.84671875,1014.733125,1014.60921875,1014.451015625,1013.253984375,1010.0025,1003.9975,997.747890625,992.593984375,971.767265625,947.761640625,932.089609375,899.852421875,877.413984375,863.106953125,890.327890625,957.77953125,983.1775,1014.50046875,1014.339375,1014.138125,1014.16515625,1014.22140625,1013.62265625,1009.972578125,1003.86828125,999.6865625,993.368671875,978.554609375,964.20796875,945.53828125,913.461796875,890.8778125,875.43625,873.897734375,942.8734375,984.430546875,1014.17921875,1013.73953125,1013.443984375,1013.584296875,1013.813984375,1013.912109375,1011.64671875,1008.45234375,1005.40625,1002.68125,995.44296875,984.66765625,964.421171875,934.68515625,910.06546875,900.236953125,886.698984375,928.4559375,977.5509375,1013.869453125,1013.169609375,1013.21703125,1013.475625,1013.81234375,1014.19265625,1013.3840625,1012.146796875,1010.490859375,1008.04734375,1005.39765625,1000.599375,989.08046875,967.30078125,932.978359375,906.196953125,906.49,912.37828125,961.4115625,1013.273359375,1013.026015625,1013.225859375,1013.3728125,1013.70078125,1013.937890625,1013.72734375,1013.249453125,1012.516484375,1011.11609375,1010.119296875,1010.129375,1006.2996875,989.602265625,949.525703125,913.584375,917.5196875,908.786015625,931.215078125,1013.025,1013.12328125,1013.50390625,1014.026875,1013.5228125,1013.748984375,1013.641015625,1013.216640625,1012.260546875,1012.26671875,1011.258671875,1005.172421875,1000.606328125,989.55140625,959.686875,911.219453125,903.5225,902.3546875,887.671796875,1012.388203125,1011.399140625,1010.193984375,1007.450859375,1002.355078125,1000.987421875,995.510859375,988.527109375,988.037734375,984.5553125,966.97015625,936.931875,938.60484375,945.50953125,927.968046875,891.503671875,869.568671875,876.459765625,851.60609375,1010.130859375,997.30515625,974.574375,974.90515625,969.87296875,932.4703125,885.418046875,868.068046875,880.246015625,891.313671875,896.93546875,908.810546875,941.1965625,963.425859375,933.506484375,899.14359375,856.536953125,842.052578125,852.014921875,1010.330703125,987.11109375,961.701171875,970.480546875,953.838046875,908.353515625,876.03890625,869.22640625,876.806953125,889.42171875,903.035546875,940.414296875,982.991796875,987.603125,977.576953125,954.5409375,889.33515625,847.786171875,864.480859375,1011.472421875,1005.358671875,997.08171875,993.81921875,985.671015625,980.68734375,978.209609375,963.92984375,946.16828125,932.2978125,941.873359375,973.59625,1002.114921875,997.481640625,989.918359375,991.4571875,972.754375,920.97875,881.92328125
2020-02-13 09:00:00,1011.794765625,1011.701875,1011.72859375,1011.82515625,1011.509609375,1011.388828125,1010.834921875,1008.255625,1003.74328125,1002.187109375,998.073828125,975.00265625,936.174140625,906.350546875,869.748984375,861.619609375,921.76640625,965.943671875,974.051484375,1011.792578125,1011.741171875,1011.639609375,1011.40015625,1011.09453125,1011.22953125,1010.06,1006.288125,1002.5259375,1002.71578125,990.013984375,960.82875,928.976015625,909.117109375,884.6578125,854.81078125,907.59984375,978.70609375,983.7478125,1011.495625,1011.5396875,1011.541640625,1011.417109375,1011.1246875,1010.530859375,1008.156953125,1003.719921875,999.618125,999.62796875,978.919765625,947.003203125,921.856171875,902.347890625,882.914140625,859.429140625,905.220703125,977.7415625,982.44125,1011.44703125,1011.496796875,1011.435703125,1011.379453125,1011.258359375,1010.085390625,1006.89515625,1001.073828125,994.87796875,989.84828125,969.36203125,945.56890625,930.134453125,898.23015625,875.946484375,861.70796875,888.731015625,955.64296875,980.862265625,1011.2465625,1011.09625,1010.865625,1010.986640625,1011.07203125,1010.513515625,1006.915078125,1000.934453125,996.805078125,990.591875,976.046796875,961.927265625,943.535390625,911.78984375,889.357890625,874.049609375,872.49390625,940.90484375,982.07859375,1010.98796875,1010.574921875,1010.288515625,1010.475078125,1010.746953125,1010.872890625,1008.685859375,1005.518046875,1002.491640625,999.821875,992.78015625,982.267109375,962.370234375,932.965,908.4934375,898.63453125,885.2021875,926.6075,975.26359375,1010.7665625,1010.119140625,1010.130859375,1010.407109375,1010.797265625,1011.258359375,1010.477265625,1009.188359375,1007.5653125,1005.179296875,1002.643203125,998.02375,986.787578125,965.3503125,931.402265625,904.67390625,904.77265625,910.680234375,959.297734375,1010.25078125,1010.0109375,1010.19703125,1010.334453125,1010.684609375,1010.990234375,1010.755078125,1010.270234375,1009.591015625,1008.289921875,1007.343359375,1007.43,1003.74375,987.373828125,947.790625,912.12453125,915.6709375,907.0509375,929.33078125,1009.9140625,1010.049375,1010.443359375,1010.971796875,1010.487421875,1010.763515625,1010.6628125,1010.267734375,1009.3575,1009.44515625,1008.51890625,1002.5615625,998.16703125,987.31421875,957.83546875,909.762421875,901.89703125,900.702890625,886.114140625,1009.292109375,1008.3184375,1007.08875,1004.403984375,999.429765625,998.1325,992.780078125,985.898046875,985.45921875,982.0925,964.752109375,934.97859375,936.701640625,943.58453125,926.30609375,890.15671875,868.25140625,874.9553125,850.339921875,1007.093828125,994.3975,971.841015625,972.13265625,967.187578125,930.16734375,883.475390625,866.27875,878.44984375,889.5,895.1140625,906.9109375,939.16859375,961.263203125,931.751640625,897.72515625,855.349140625,840.842265625,850.69734375,1007.145546875,984.263515625,959.0709375,967.692421875,951.238125,906.23640625,874.180859375,867.4490625,875.071796875,887.686328125,901.225703125,938.44046875,980.73109375,985.26015625,975.380234375,952.660703125,887.960625,846.665546875,863.276796875,1008.167890625,1002.178671875,994.088984375,990.864609375,982.793046875,977.949375,975.638125,961.60078125,943.996484375,930.300859375,939.942421875,971.473984375,999.578046875,994.9615625,987.486796875,989.027578125,970.6571875,919.476875,880.773046875
2020-02-13 12:00:00,1011.541171875,1011.439375,1011.523984375,1011.657890625,1011.23203125,1011.131171875,1010.647265625,1008.076640625,1003.72296875,1002.31640625,998.180625,975.1221875,936.487265625,906.8203125,870.182421875,862.20921875,922.2471875,966.21265625,974.05109375,1011.484609375,1011.41421875,1011.36484375,1011.25375,1010.85859375,1010.88703125,1009.81546875,1006.159296875,1002.488046875,1002.794375,990.04984375,960.988359375,929.33625,909.60390625,885.11640625,855.29953125,907.949453125,978.801875,983.6528125,1011.20046875,1011.275859375,1011.313984375,1011.237265625,1010.904140625,1010.25984375,1007.9334375,1003.6109375,999.60734375,999.644765625,978.979609375,947.22546875,922.172890625,902.644765625,883.275390625,859.852265625,905.45953125,977.7978125,982.26078125,1011.085546875,1011.196640625,1011.156015625,1011.14875,1011.03765625,1009.902109375,1006.741953125,1001.040859375,994.93125,989.914453125,969.504296875,945.79515625,930.366484375,898.408359375,876.18421875,862.039453125,888.9603125,955.66546875,980.646171875,1010.831015625,1010.7278125,1010.612265625,1010.745625,1010.876171875,1010.293203125,1006.749765625,1000.896796875,996.851640625,990.651640625,976.116953125,962.022578125,943.674765625,911.901171875,889.4909375,874.21953125,872.63859375,940.829453125,981.820234375,1010.562265625,1010.21265625,1010.012734375,1010.2190625,1010.47265625,1010.5609375,1008.47578125,1005.44984375,1002.532578125,999.80984375,992.6884375,982.1684375,962.331171875,932.948828125,908.52078125,898.737734375,885.33578125,926.61875,974.978046875,1010.2159375,1009.779140625,1009.905625,1010.152578125,1010.450234375,1010.7234375,1010.216640625,1009.047421875,1007.45890625,1005.073203125,1002.45109375,997.74953125,986.496796875,965.1590625,931.275,904.675,904.782578125,910.71265625,959.138359375,1009.783828125,1009.665234375,1009.950390625,1010.079140625,1010.349453125,1010.6509375,1010.502109375,1010.041328125,1009.327890625,1007.9965625,1007.0503125,1007.070078125,1003.371171875,987.0459375,947.57671875,912.033671875,915.717734375,906.9759375,929.3278125,1009.474609375,1009.685546875,1010.13140625,1010.69609375,1010.207578125,1010.4740625,1010.400703125,1010.00375,1009.11,1009.189609375,1008.21890625,1002.247734375,997.903671875,987.0965625,957.66453125,909.693125,901.950078125,900.763125,886.17875,1008.830234375,1008.021953125,1006.86078125,1004.2071875,999.24015625,997.93375,992.551640625,985.675859375,985.26734375,981.90875,964.564765625,934.80859375,936.59421875,943.54578125,926.288359375,890.149375,868.267421875,875.052890625,850.313984375,1006.671328125,994.231171875,971.7228125,972.087265625,967.19296875,930.155234375,883.409453125,866.142890625,878.31875,889.41671875,895.07390625,906.944140625,939.1315625,961.0990625,931.40671875,897.37984375,855.07421875,840.586171875,850.4925,1006.79921875,984.04390625,958.9146875,967.678125,951.2796875,906.21421875,874.049296875,867.288515625,874.916953125,887.55734375,901.12609375,938.2640625,980.392578125,984.820625,974.877890625,952.150859375,887.485859375,846.1490625,862.904921875,1007.79703125,1001.781796875,993.797421875,990.6634375,982.639140625,977.74421875,975.390078125,961.366484375,943.75109375,929.970234375,939.53515625,970.930078125,998.920859375,994.31375,986.887890625,988.471953125,970.066875,918.975703125,880.28390625
2020-02-13 15:00:00,1012.6303125,1012.468359375,1012.49578125,1012.635625,1012.291640625,1012.2759375,1011.8071875,1009.1634375,1004.766796875,1003.53296875,999.842890625,976.51296875,937.46859375,907.714921875,870.8778125,862.607421875,922.85796875,967.18546875,974.954609375,1012.656796875,1012.5390625,1012.4475,1012.331171875,1011.96765625,1012.043828125,1010.96453125,1007.231796875,1003.539765625,1004.084140625,991.454765625,962.131171875,930.410390625,910.688203125,886.0540625,855.7459375,908.387265625,979.70359375,984.732265625,1012.366953125,1012.4115625,1012.45796875,1012.3896875,1012.061015625,1011.41078125,1009.0371875,1004.688046875,1000.6821875,1000.880078125,980.134609375,948.241171875,923.2040625,903.741171875,884.272578125,860.455703125,906.0434375,978.79140625,983.398671875,1012.2784375,1012.37359375,1012.2978125,1012.265390625,1012.14015625,1010.988359375,1007.79296875,1002.05296875,995.9665625,991.035,970.5621875,946.773359375,931.399921875,899.316875,876.975625,862.66078125,889.608359375,956.617109375,981.82453125,1012.1009375,1012.019375,1011.860859375,1011.925703125,1012.009921875,1011.417578125,1007.865234375,1001.98390625,997.94703125,991.7921875,977.22046875,963.105390625,944.694921875,912.828515625,890.410859375,875.071796875,873.30015625,941.830859375,983.148359375,1011.86,1011.47921875,1011.223671875,1011.418203125,1011.68921875,1011.7671875,1009.63140625,1006.565078125,1003.67296875,1001.0590625,993.965859375,983.430078125,963.409765625,933.883125,909.4821875,899.80328125,886.197890625,927.574765625,976.2659375,1011.369296875,1010.87796875,1011.01734375,1011.329375,1011.669609375,1011.97859375,1011.39515625,1010.138203125,1008.616484375,1006.333671875,1003.837265625,999.2475,987.855859375,966.26640625,932.270390625,905.619609375,905.883359375,911.653125,960.30046875,1010.977890625,1010.789296875,1011.044296875,1011.2275,1011.564609375,1011.886328125,1011.70359375,1011.17125,1010.530234375,1009.321875,1008.525703125,1008.693046875,1005.057421875,988.514296875,948.6625,912.954375,916.842734375,908.133984375,930.237578125,1010.73859375,1010.962578125,1011.42609375,1012.04328125,1011.58953125,1011.856640625,1011.766484375,1011.301171875,1010.38515625,1010.491796875,1009.53921875,1003.46234375,999.149921875,988.401796875,958.81484375,910.605078125,902.906953125,901.983203125,886.95109375,1010.09484375,1009.265078125,1008.101875,1005.45890625,1000.479296875,999.1115625,993.5959375,986.619921875,986.17828125,982.8253125,965.4665625,935.64,937.480078125,944.5384375,927.215,890.967109375,869.10484375,876.21640625,851.260390625,1007.919453125,995.3765625,972.8253125,973.21171875,968.326640625,931.022734375,884.033828125,866.7375,878.93796875,890.088515625,895.786328125,907.736484375,940.1759375,962.399921875,932.563515625,898.431328125,856.06234375,841.63578125,851.59390625,1008.123046875,985.226328125,960.019453125,968.831796875,952.35671875,906.99109375,874.72,867.948984375,875.598359375,888.31484375,901.96609375,939.30609375,981.724453125,986.3534375,976.37625,953.560390625,888.598671875,847.086796875,864.042265625,1009.092578125,1003.097890625,995.029609375,991.871875,983.840703125,978.842578125,976.401640625,962.311953125,944.659375,930.876015625,940.53734375,972.137109375,1000.329765625,995.776796875,988.3965625,990.175390625,971.613046875,920.2278125,881.42390625
2020-02-13 18:00:00,1012.109375,1012.02671875,1012.1278125,1012.3340625,1011.981484375,1011.900546875,1011.44125,1008.895625,1004.79921875,1003.55828125,999.459921875,976.008125,936.867265625,906.934140625,869.989921875,861.82171875,922.100078125,966.5084375,974.513984375,1012.082421875,1012.01203125,1011.96734375,1011.9075,1011.5796875,1011.663671875,1010.628359375,1007.017109375,1003.6215625,1004.07875,991.13953125,961.721640625,929.799140625,909.91375,885.128984375,854.90890625,907.661328125,979.125546875,984.338984375,1011.737109375,1011.861015625,1011.96375,1011.931875,1011.65140625,1011.051953125,1008.741640625,1004.442421875,1000.611953125,1000.766875,979.733828125,947.729765625,922.560390625,902.993671875,883.45,859.676171875,905.278515625,978.15453125,982.967421875,1011.5815625,1011.779453125,1011.77578125,1011.781640625,1011.69390625,1010.616640625,1007.495078125,1001.727109375,995.6159375,990.66109375,970.0646875,946.2878125,930.849375,898.7140625,876.35578125,861.996484375,888.841640625,955.90234375,981.330859375,1011.373828125,1011.3021875,1011.22046875,1011.3934375,1011.556796875,1011.0396875,1007.49640625,1001.579453125,997.525546875,991.349921875,976.744375,962.659375,944.277734375,912.362109375,889.868984375,874.45390625,872.6109375,941.086875,982.56234375,1011.0559375,1010.712109375,1010.565390625,1010.862265625,1011.15703125,1011.260390625,1009.19453125,1006.1528125,1003.26859375,1000.683984375,993.59203125,983.072578125,963.11203125,933.566015625,909.030859375,899.276015625,885.5840625,926.896015625,975.72671875,1010.60328125,1010.15171875,1010.3453125,1010.74046875,1011.145859375,1011.487890625,1011.00015625,1009.83390625,1008.36015625,1006.142734375,1003.70671875,999.02453125,987.638671875,966.070703125,931.946328125,905.201015625,905.47234375,911.142265625,959.75125,1010.230078125,1010.080546875,1010.42234375,1010.73109375,1011.201328125,1011.462578125,1011.2584375,1010.841328125,1010.27421875,1009.110546875,1008.31875,1008.50125,1004.84921875,988.30453125,948.362421875,912.548125,916.582578125,907.738984375,929.66015625,1010.01640625,1010.28328125,1010.811171875,1011.521875,1011.0921875,1011.301328125,1011.173515625,1010.796328125,1010.00703125,1010.218515625,1009.36953125,1003.488671875,999.342578125,988.41546875,958.493359375,910.10734375,902.435,901.504140625,886.35234375,1009.414453125,1008.69734375,1007.58375,1004.958125,999.918203125,998.4884375,992.97421875,986.095703125,985.7696875,982.50625,965.130078125,935.228515625,937.090078125,944.15015625,926.752578125,890.44953125,868.57703125,875.650078125,850.654140625,1007.2609375,994.723203125,972.127734375,972.577578125,967.6821875,930.31984375,883.452421875,866.2575,878.4615625,889.584453125,895.2753125,907.231484375,939.6309375,961.845390625,931.996953125,897.92203125,855.529375,841.12546875,851.169921875,1007.50796875,984.555234375,959.328046875,968.206875,951.70015625,906.31046875,874.087734375,867.36484375,875.0353125,887.760703125,901.399140625,938.730625,981.16359375,985.823828125,975.77453125,952.951875,888.057109375,846.6878125,863.798359375,1008.55515625,1002.523515625,994.41421875,991.295390625,983.28875,978.276796875,975.81796875,961.7315625,944.09828125,930.33296875,939.97734375,971.54171875,999.861328125,995.411171875,988.056484375,989.6871875,971.03296875,919.775,881.133125
2020-02-13 21:00:00,1010.0196875,1009.930234375,1009.989140625,1010.166171875,1009.85171875,1009.927109375,1009.783046875,1007.216171875,1002.93328125,1001.745234375,997.639609375,974.1771875,935.14609375,905.3390625,868.57640625,860.55640625,920.959296875,965.6003125,973.70921875,1009.9490625,1009.93296875,1009.934140625,1009.893671875,1009.6025,1009.881484375,1009.00703125,1005.37609375,1001.875546875,1002.38546875,989.3815625,960.013125,928.1746875,908.384765625,883.687265625,853.674375,906.56796875,978.3053125,983.5278125,1009.670625,1009.839765625,1009.928125,1009.878359375,1009.62078125,1009.23703125,1007.14359375,1002.83203125,998.97421875,999.16078125,978.121484375,946.12453125,921.020625,901.531796875,882.059140625,858.43453125,904.1815625,977.228984375,982.126484375,1009.596796875,1009.81375,1009.779296875,1009.798359375,1009.774921875,1008.789609375,1005.83734375,1000.2034375,994.16109375,989.1875,968.5403125,944.770625,929.36765625,897.258125,874.971484375,860.7046875,887.708359375,954.84390625,980.477578125,1009.4253125,1009.4125,1009.321015625,1009.478984375,1009.730625,1009.347734375,1005.8515625,1000.0103125,996.1053125,989.98078125,975.36671875,961.242265625,942.809375,910.8971875,888.471796875,873.13734375,871.424921875,939.974375,981.64375,1009.167890625,1008.90296875,1008.76625,1009.071796875,1009.559609375,1009.759453125,1007.671484375,1004.673828125,1001.93078125,999.44375,992.36765625,981.73578125,961.65359375,932.11015625,907.655390625,897.975859375,884.381953125,925.775390625,974.684921875,1008.7646875,1008.4059375,1008.68484375,1009.17765625,1009.614765625,1009.883828125,1009.394296875,1008.33390625,1006.978203125,1004.797890625,1002.35484375,997.712265625,986.273125,964.690859375,930.571875,903.91859375,904.32734375,910.08328125,958.746484375,1008.466875,1008.437734375,1008.891796875,1009.202734375,1009.543203125,1009.76921875,1009.644609375,1009.391484375,1008.98,1007.824453125,1007.1134375,1007.425078125,1003.78,987.09640625,947.038984375,911.363984375,915.547578125,906.710859375,928.738125,1008.316953125,1008.677421875,1009.206796875,1009.8859375,1009.38640625,1009.62734375,1009.592578125,1009.36875,1008.77125,1009.08125,1008.28875,1002.40609375,998.205078125,987.26921875,957.30828125,908.984609375,901.445859375,900.495078125,885.397890625,1007.739453125,1006.9421875,1005.777109375,1003.178671875,998.124609375,996.797109375,991.42,984.586875,984.325625,981.12578125,963.767421875,933.888671875,935.821953125,942.972109375,925.63390625,889.31703125,867.46078125,874.598828125,849.64796875,1005.568828125,992.890625,970.23859375,970.7184375,965.811875,928.54046875,881.823359375,864.712109375,876.962265625,888.098359375,893.885234375,905.929609375,938.363984375,960.653515625,930.861171875,896.74359375,854.327265625,839.98328125,850.16828125,1005.84296875,982.740859375,957.470703125,966.385703125,949.891484375,904.59171875,872.50109375,865.88125,873.5890625,886.36421875,900.108984375,937.52359375,980.037265625,984.705234375,974.66359375,951.792265625,886.9096875,845.6015625,862.756484375,1006.929140625,1000.83484375,992.7009375,989.596171875,981.592734375,976.652421875,974.304765625,960.296015625,942.723515625,929.02953125,938.76359375,970.491796875,999.011484375,994.45296875,987.017265625,988.6609375,970.046484375,918.712890625,880.05765625
2020-02-14 00:00:00,1010.11796875,1010.031875,1010.13765625,1010.477890625,1010.286328125,1010.1971875,1009.791640625,1007.238515625,1002.891484375,1001.680078125,997.4765625,973.91828125,934.840625,905.014453125,868.3690625,860.661640625,921.461796875,966.228046875,974.25859375,1010.076640625,1010.03109375,1010.024140625,1010.16921875,1009.960859375,1010.035078125,1009.00859375,1005.3334375,1001.716328125,1002.21515625,989.12796875,959.693046875,927.83015625,908.029375,883.375703125,853.662578125,906.937265625,979.01734375,984.1159375,1009.713046875,1009.884140625,1010.03265625,1010.239296875,1010.042890625,1009.4534375,1007.115234375,1002.706015625,998.7265625,998.85578125,977.791640625,945.754609375,920.65640625,901.19609375,881.7475,858.322578125,904.452734375,977.887109375,982.68859375,1009.520390625,1009.728125,1009.804453125,1010.163828125,1010.18484375,1009.0471875,1005.88234375,1000.048671875,993.882578125,988.846484375,968.18296875,944.3765625,928.945078125,896.875,874.678046875,860.587421875,887.845859375,955.305234375,981.04859375,1009.258671875,1009.240390625,1009.25953125,1009.69109375,1010.048125,1009.49078125,1005.879375,999.91484375,995.83421875,989.580078125,974.94703125,960.8309375,942.363203125,910.463515625,888.13640625,872.9240625,871.432890625,940.296171875,982.31328125,1008.961875,1008.70765625,1008.7028125,1009.089375,1009.513828125,1009.7234375,1007.618671875,1004.55953125,1001.647265625,998.9784375,991.858984375,981.2784375,961.2125,931.65625,907.30203125,897.702890625,884.263359375,925.887890625,975.339765625,1008.592421875,1008.260390625,1008.558359375,1008.991875,1009.430234375,1009.7625,1009.370859375,1008.26703125,1006.765703125,1004.48171875,1001.9571875,997.278125,985.85453125,964.216328125,930.12703125,903.644453125,904.0909375,909.9321875,959.19859375,1008.30375,1008.21234375,1008.612578125,1008.912578125,1009.331484375,1009.7246875,1009.70796875,1009.359765625,1008.82046875,1007.646015625,1006.880546875,1007.086875,1003.37171875,986.5853125,946.47828125,910.961328125,915.195,906.291484375,928.804921875,1008.074453125,1008.3465625,1008.89171875,1009.57421875,1009.12203125,1009.55234375,1009.682109375,1009.461015625,1008.73,1008.95515625,1008.0671875,1002.040390625,997.72390625,986.648984375,956.610859375,908.349453125,900.975078125,899.931875,885.158515625,1007.38953125,1006.5909375,1005.48421875,1002.897734375,997.887265625,996.786171875,991.524609375,984.706484375,984.3965625,981.040625,963.46984375,933.417734375,935.293828125,942.33625,924.88421875,888.603984375,866.92609375,874.154609375,849.231640625,1005.10484375,992.4175,969.82578125,970.364453125,965.429140625,928.193203125,881.3371875,864.117265625,876.409921875,887.601171875,893.348671875,905.346796875,937.842265625,960.108125,930.169453125,896.043359375,853.707109375,839.49109375,849.634609375,1005.27640625,982.192890625,956.97296875,965.9540625,949.39,904.00671875,871.8190625,865.166640625,872.93046875,885.758984375,899.51296875,937.018828125,979.64109375,984.283515625,974.198046875,951.26375,886.241875,844.960625,862.173203125,1006.366328125,1000.26921875,992.1940625,989.146328125,981.134375,976.176640625,973.825078125,959.76890625,942.1715625,928.4815625,938.2615625,970.1009375,998.59578125,993.971015625,986.576640625,988.23546875,969.4990625,918.032890625,879.3953125
2020-02-14 03:00:00,1011.79578125,1011.674140625,1011.748984375,1011.918515625,1011.564609375,1011.51078125,1011.061640625,1008.44359375,1003.9565625,1002.54046875,998.271484375,974.73265625,935.696875,905.908046875,869.272421875,861.48078125,922.2903125,967.08484375,975.154609375,1011.746640625,1011.696796875,1011.643828125,1011.55109375,1011.271796875,1011.381875,1010.3059375,1006.578203125,1002.8659375,1003.145,990.0525,960.50078125,928.58328125,908.793984375,884.235546875,854.549296875,907.805390625,979.897109375,985.00859375,1011.39859375,1011.582890625,1011.677421875,1011.60984375,1011.342109375,1010.790234375,1008.443046875,1004.00875,999.949375,999.976171875,978.813203125,946.64578125,921.441015625,901.961328125,882.54515625,859.157265625,905.358984375,978.92375,983.670859375,1011.2565625,1011.543125,1011.5475,1011.575546875,1011.4978125,1010.384609375,1007.1903125,1001.346015625,995.14,989.983671875,969.19609375,945.24359375,929.665859375,897.63234375,875.450625,861.38109375,888.7353125,956.437421875,982.045859375,1011.03328125,1011.12171875,1011.03046875,1011.23109375,1011.4178125,1010.87359375,1007.225078125,1001.194609375,997.0825,990.7240625,975.946015625,961.64984375,943.03921875,911.090078125,888.706875,873.484140625,872.15796875,941.4521875,983.235078125,1010.8115625,1010.591875,1010.4415625,1010.720546875,1011.098984375,1011.1915625,1009.014609375,1005.86828125,1002.89390625,1000.132109375,992.866875,982.112578125,961.901171875,932.253359375,907.80984375,898.119375,884.83140625,926.966796875,976.2784375,1010.44546875,1010.008359375,1010.24875,1010.71140625,1011.148828125,1011.477421875,1010.874140625,1009.661484375,1008.06875,1005.667890625,1003.03015625,998.220234375,986.65265625,964.860625,930.666953125,904.123359375,904.564375,910.72484375,960.096328125,1010.052890625,1009.9209375,1010.31203125,1010.668359375,1011.11203125,1011.4325,1011.302734375,1010.904609375,1010.24859375,1008.94515625,1008.026484375,1008.061484375,1004.199921875,987.305703125,947.161640625,911.544375,915.689921875,906.972109375,929.68609375,1009.81828125,1010.080078125,1010.669765625,1011.3478125,1010.978046875,1011.352421875,1011.35046875,1011.003828125,1010.1284375,1010.26140625,1009.2834375,1003.133359375,998.648984375,987.51625,957.453203125,909.11484375,901.630234375,900.581171875,885.93375,1009.13046875,1008.36046875,1007.33,1004.741484375,999.767890625,998.54953125,993.10421875,986.13703125,985.73984375,982.34359375,964.6953125,934.532890625,936.344609375,943.319296875,925.769765625,889.33828125,867.592421875,874.6540625,849.740703125,1006.852421875,994.1409375,971.513359375,972.039296875,967.07109375,929.625234375,882.56,865.23296875,877.4871875,888.637265625,894.376953125,906.34375,938.85515625,961.070625,931.040859375,896.729609375,854.319296875,840.073203125,850.000078125,1007.014296875,983.819609375,958.520625,967.4603125,950.803125,905.26625,872.93921875,866.18828125,873.866875,886.6328125,900.43203125,938.030703125,980.742109375,985.27671875,975.156171875,952.076328125,886.870390625,845.496875,862.525,1008.09578125,1001.905234375,993.77390625,990.651796875,982.53,977.520390625,975.1378125,960.951875,943.218203125,929.45375,939.264296875,971.17828125,999.742734375,994.997578125,987.474453125,989.083125,970.27625,918.52125,879.804140625
2020-02-14 06:00:00,1010.424375,1010.3978125,1010.466015625,1010.812890625,1010.501796875,1010.30109375,1009.91265625,1007.395234375,1002.85421875,1001.3590625,997.23578125,974.0965625,935.25453125,905.4240625,868.774765625,860.66671875,920.98953125,965.271796875,973.341015625,1010.417578125,1010.435390625,1010.38015625,1010.29359375,1010.06765625,1010.101015625,1009.028671875,1005.36953125,1001.641875,1001.826015625,989.046015625,959.83515625,928.026171875,908.14359375,883.634609375,853.789453125,906.64203125,978.006171875,983.055625,1010.08625,1010.266796875,1010.382890625,1010.348984375,1010.0871875,1009.4775,1007.1425,1002.74203125,998.68546875,998.72109375,977.860078125,945.891015625,920.720703125,901.225390625,881.86046875,858.3253125,904.231328125,977.139921875,981.748203125,1009.96703125,1010.229609375,1010.29953125,1010.318359375,1010.234765625,1009.076484375,1005.88796875,1000.058125,993.940078125,988.8825,968.24234375,944.343046875,928.777890625,896.898671875,874.7165625,860.48578125,887.657109375,954.864609375,980.15046875,1009.81609375,1009.860703125,1009.828984375,1009.980859375,1010.144765625,1009.59046875,1005.965703125,999.938828125,995.87859375,989.629609375,974.891484375,960.594453125,942.073984375,910.265390625,887.82828125,872.524375,871.17984375,939.985703125,981.374765625,1009.60796875,1009.366484375,1009.233984375,1009.51625,1009.847890625,1009.935390625,1007.7365625,1004.562421875,1001.5871875,998.887109375,991.66171875,980.9315625,960.8003125,931.26359375,906.74953125,896.930078125,883.760234375,925.66796875,974.558515625,1009.34359375,1008.847890625,1009.075,1009.495390625,1009.990859375,1010.39171875,1009.556171875,1008.307109375,1006.664296875,1004.242734375,1001.59953125,996.809296875,985.336875,963.655546875,929.525625,902.93109375,903.267578125,909.591015625,958.5534375,1008.964921875,1008.788359375,1009.17796875,1009.485,1009.93703125,1010.203671875,1009.940234375,1009.469140625,1008.759765625,1007.413515625,1006.415,1006.382890625,1002.52625,985.857265625,945.97546875,910.325625,914.292734375,905.877265625,928.474921875,1008.6853125,1008.962265625,1009.532421875,1010.19375,1009.783203125,1010.0375,1009.926953125,1009.5140625,1008.60078125,1008.6690625,1007.65265625,1001.5403125,996.978828125,985.956875,956.17546875,908.06015625,900.64484375,899.582890625,885.063046875,1008.06828125,1007.343359375,1006.296015625,1003.682421875,998.72234375,997.401796875,991.923359375,984.95703125,984.524921875,981.140390625,963.62421875,933.654453125,935.290390625,942.145859375,924.74203125,888.49,866.854375,873.860546875,849.025,1005.891015625,993.3646875,970.85625,971.27796875,966.300078125,929.002890625,882.063203125,864.752265625,876.907578125,888.005,893.670234375,905.3703125,937.49546875,959.506171875,929.851484375,895.784453125,853.56921875,839.314609375,849.03328125,1006.041875,983.06640625,957.8425,966.659609375,950.116171875,904.7178125,872.50921875,865.720703125,873.27484375,885.853046875,899.460234375,936.72609375,979.05546875,983.556640625,973.596484375,950.73484375,885.96703125,844.67296875,861.243203125,1007.15265625,1001.02296875,992.8,989.60609375,981.516953125,976.564296875,974.209609375,959.97921875,942.282109375,928.471328125,938.06796875,969.758984375,998.058203125,993.31125,985.82046875,987.363359375,968.830625,917.37328125,878.574296875
2020-02-14 09:00:00,1007.626875,1007.749765625,1007.912265625,1008.248671875,1008.195390625,1008.198046875,1007.967578125,1005.645390625,1001.203671875,999.594140625,995.4115625,972.54765625,934.10234375,904.515390625,868.101875,859.780625,919.29953125,963.066953125,971.211328125,1007.67765625,1007.801171875,1007.838828125,1007.742578125,1007.6621875,1007.85640625,1006.81671875,1003.345234375,999.76921875,999.96875,987.324765625,958.505390625,927.0075,907.265859375,882.87828125,853.015703125,905.103828125,975.649609375,980.877578125,1007.363359375,1007.618671875,1007.766171875,1007.7553125,1007.598046875,1007.13625,1004.88390625,1000.66109375,996.762734375,996.81765625,976.296484375,944.711640625,919.766875,900.349921875,881.044453125,857.552890625,902.760625,974.91359375,979.5809375,1007.204609375,1007.4634375,1007.618125,1007.7478125,1007.75921875,1006.6834375,1003.615546875,998.007421875,992.000234375,987.075234375,966.799921875,943.164765625,927.726953125,895.99,873.86265625,859.688203125,886.353359375,952.97703125,978.0190625,1006.998046875,1007.07765625,1007.098515625,1007.394375,1007.6375,1007.179296875,1003.68078125,997.845,993.879375,987.810703125,973.34421875,959.230390625,940.879921875,909.3028125,886.979296875,871.743828125,870.151015625,938.31078125,979.3353125,1006.74515625,1006.604375,1006.563203125,1006.946015625,1007.325703125,1007.5046875,1005.458125,1002.401171875,999.531953125,996.96,989.912578125,979.36984375,959.4871875,930.220859375,905.898125,896.086875,882.7215625,924.171953125,972.60046875,1006.500703125,1006.124140625,1006.41265625,1006.892734375,1007.423125,1007.975703125,1007.31921875,1006.106796875,1004.534453125,1002.209140625,999.684453125,995.0221875,983.755546875,962.4009375,928.62125,902.06953125,902.008671875,908.14921875,956.730234375,1006.1753125,1006.1471875,1006.498125,1006.854609375,1007.40984375,1007.919921875,1007.736015625,1007.23203125,1006.559453125,1005.265234375,1004.312734375,1004.364296875,1000.651484375,984.309453125,944.916796875,909.42453125,912.8578125,904.395234375,926.868125,1005.866875,1006.239453125,1006.832265625,1007.578359375,1007.274921875,1007.6946875,1007.623046875,1007.237578125,1006.32578125,1006.398046875,1005.464296875,999.533203125,995.16578125,984.337734375,954.98125,907.156640625,899.31546875,898.24859375,883.8534375,1005.2221875,1004.591328125,1003.65890625,1001.183984375,996.3428125,995.101015625,989.744296875,982.878828125,982.465,979.10640625,961.845390625,932.184453125,933.879375,940.76890625,923.62859375,887.627421875,865.89140625,872.818125,848.245390625,1003.191640625,990.80953125,968.57671875,969.072578125,964.21921875,927.245234375,880.622265625,863.436796875,875.59390625,886.666484375,892.3290625,903.9928125,935.81109375,957.723515625,928.423671875,894.7075,852.777109375,838.53046875,848.31515625,1003.373125,980.658359375,955.682265625,964.4628125,948.085234375,903.041796875,871.02828125,864.3346875,871.93421875,884.53,898.05875,934.943515625,976.8075,981.32421875,971.596953125,949.139609375,884.96453125,843.943984375,860.45984375,1004.3865625,998.428984375,990.360859375,987.1596875,979.16015625,974.1540625,971.956640625,958.02265625,940.49828125,926.851875,936.40328125,967.729453125,995.672578125,991.070546875,983.7640625,985.40796875,967.22609375,916.37546875,877.84546875
2020-02-14 12:00:00,1008.160546875,1008.305546875,1008.507578125,1008.990390625,1008.928125,1008.950546875,1008.582421875,1006.101171875,1001.807578125,1000.488671875,996.41109375,973.3834375,934.7696875,905.159375,868.647109375,860.471875,920.058359375,963.63640625,971.577890625,1008.005546875,1008.120703125,1008.285625,1008.535703125,1008.401875,1008.475390625,1007.54453125,1004.0615625,1000.469921875,1000.835703125,988.158515625,959.169921875,927.634296875,907.97859375,883.56234375,853.645703125,905.89421875,976.20078125,981.083671875,1007.65203125,1007.9659375,1008.249921875,1008.33578125,1008.1565625,1007.603203125,1005.422109375,1001.30234375,997.4621875,997.5509375,976.93671875,945.30625,920.4221875,901.092265625,881.75875,858.18390625,903.4346875,975.239140625,979.6990625,1007.47765625,1007.83734375,1008.00328125,1008.14375,1008.11734375,1007.080703125,1004.056015625,998.474140625,992.547265625,987.648984375,967.3196875,943.745546875,928.45171875,896.714140625,874.5721875,860.3309375,887.017890625,953.303671875,978.149375,1007.21015625,1007.34953125,1007.42265625,1007.726484375,1007.995234375,1007.551015625,1004.083515625,998.280234375,994.347109375,988.262421875,973.8228125,959.806640625,941.562109375,909.99234375,887.697890625,872.4271875,870.781953125,938.63171875,979.404296875,1006.91953125,1006.799453125,1006.837265625,1007.266640625,1007.697421875,1007.85609375,1005.83,1002.81046875,999.961640625,997.343359375,990.313046875,979.82875,960.05265625,930.839453125,906.541171875,896.80296875,883.39984375,924.507265625,972.673203125,1006.61359375,1006.319296875,1006.714375,1007.2471875,1007.7646875,1008.07234375,1007.59703125,1006.46078125,1004.92140625,1002.6059375,1000.058828125,995.391484375,984.13953125,962.871328125,929.16140625,902.6590625,902.837421875,908.710078125,956.918515625,1006.32875,1006.36421875,1006.843671875,1007.199140625,1007.705078125,1008.07625,1008.013515625,1007.603984375,1006.9115625,1005.577734375,1004.6596875,1004.723125,1001.0221875,984.699921875,945.389140625,909.9909375,913.72890625,905.1665625,927.260703125,1006.150078125,1006.603828125,1007.2228125,1007.895,1007.560625,1007.94890625,1007.973984375,1007.629609375,1006.7440625,1006.806640625,1005.84578125,999.859296875,995.516796875,984.75390625,955.456015625,907.6621875,900.001328125,898.953828125,884.370703125,1005.5015625,1004.964765625,1004.014765625,1001.485703125,996.64765625,995.483828125,990.175625,983.331796875,982.93953125,979.599453125,962.296640625,932.546328125,934.2434375,941.217109375,924.093828125,888.12078125,866.467109375,873.348671875,848.618359375,1003.382109375,991.1725,969.03515625,969.54328125,964.71265625,927.76953125,881.06578125,863.83796875,876.0375,887.1328125,892.739140625,904.385,936.4703125,958.529765625,929.079375,895.34859375,853.3740625,839.054765625,848.80515625,1003.6203125,981.033828125,956.13265625,965.029375,948.658515625,903.526015625,871.453359375,864.8353125,872.50828125,885.199375,898.724921875,935.761015625,977.71875,982.141796875,972.331875,949.80703125,885.532890625,844.46953125,861.221484375,1004.6321875,998.7634375,990.831640625,987.767578125,979.8428125,974.855,972.436171875,958.533515625,941.058203125,927.454296875,937.07984375,968.35,996.107109375,991.50796875,984.177578125,985.80359375,967.5878125,916.88625,878.4484375
2020-02-14 15:00:00,1010.40296875,1010.38078125,1010.61484375,1010.9375,1010.771171875,1010.851171875,1010.5021875,1008.0746875,1003.8465625,1002.583359375,998.8825,975.717421875,936.735234375,906.89265625,870.008203125,861.450625,921.106328125,965.438046875,973.43328125,1010.208515625,1010.3025,1010.446875,1010.543125,1010.387734375,1010.613125,1009.668671875,1006.178203125,1002.62078125,1003.148046875,990.644140625,961.373046875,929.54921875,909.77421875,885.149609375,854.715546875,906.8175,977.950390625,983.222265625,1009.77890625,1010.075234375,1010.338359375,1010.4625,1010.326796875,1009.91765625,1007.751953125,1003.54953125,999.646640625,1000.046953125,979.2740625,947.332265625,922.244609375,902.787734375,883.336953125,859.413359375,904.558984375,977.167421875,981.984609375,1009.497734375,1009.8584375,1010.064453125,1010.259765625,1010.34765625,1009.419375,1006.444140625,1000.8478125,994.789296875,990.01046875,969.514921875,945.719921875,930.355859375,898.374765625,876.049609375,861.650859375,888.25796875,955.156953125,980.469921875,1009.170078125,1009.288828125,1009.39953125,1009.774375,1010.14578125,1009.806875,1006.470078125,1000.72078125,996.6840625,990.54015625,975.9675,961.88625,943.6090625,911.783203125,889.2959375,873.931796875,872.063046875,940.40640625,981.7665625,1008.84265625,1008.6875,1008.70453125,1009.24640625,1009.799375,1010.028203125,1007.9625,1005.040703125,1002.373125,999.864375,992.766328125,982.187734375,962.24828125,932.78609375,908.332734375,898.585625,884.98578125,926.320625,974.951796875,1008.536796875,1008.24734375,1008.59046875,1009.15828125,1009.729609375,1010.09546875,1009.649140625,1008.576328125,1007.20890625,1005.098046875,1002.67734375,998.04046875,986.617421875,965.02484375,931.04078125,904.414375,904.736796875,910.5759375,959.11046875,1008.219609375,1008.251875,1008.75546875,1009.16796875,1009.67609375,1010.04578125,1009.98578125,1009.650390625,1009.089375,1007.918203125,1007.131875,1007.32765625,1003.76140625,987.18921875,947.3975,911.76421875,915.782421875,907.13703125,929.251484375,1007.994921875,1008.41484375,1009.12,1009.969453125,1009.667578125,1010.071640625,1010.11421875,1009.829140625,1009.021484375,1009.156875,1008.1953125,1002.128671875,997.8084375,987.110078125,957.56609375,909.408125,901.848046875,901.009296875,886.18046875,1007.3859375,1006.85265625,1006.00359375,1003.629765625,998.847421875,997.68796875,992.318515625,985.42390625,985.030625,981.701953125,964.342109375,934.460703125,936.12453125,943.125546875,925.9625,889.83328125,868.08625,875.24671875,850.417421875,1005.32296875,993.088984375,970.946640625,971.558828125,966.803515625,929.742265625,882.891640625,865.600859375,877.840390625,888.988671875,894.63484375,906.391015625,938.569140625,960.88109375,931.23875,897.23125,854.95953125,840.606875,850.711015625,1005.65390625,983.061015625,958.23140625,967.22296875,950.8403125,905.596953125,873.361171875,866.67953125,874.3990625,887.152421875,900.760390625,937.941875,980.2303125,984.798828125,974.74140625,952.016796875,887.339453125,846.07421875,863.1296875,1006.884921875,1001.03953125,993.216640625,990.26,982.256015625,977.246015625,974.8703125,960.9203125,943.3546875,929.666875,939.326875,970.74921875,998.8271875,994.294296875,986.885078125,988.585625,970.0628125,918.9146875,880.293515625
2020-02-14 18:00:00,1010.211875,1010.22703125,1010.543046875,1010.96125,1010.819375,1010.945546875,1010.706640625,1008.409765625,1004.552109375,1003.602109375,999.61234375,976.182734375,937.095859375,907.283828125,870.428046875,861.98796875,921.888828125,966.439765625,974.53671875,1010.2290625,1010.2159375,1010.36078125,1010.581484375,1010.483828125,1010.768984375,1009.9684375,1006.61796875,1003.5034375,1004.188984375,991.32953125,961.90296875,930.029375,910.286953125,885.597734375,855.2334375,907.6453125,979.054375,984.346171875,1009.968125,1010.1534375,1010.36671875,1010.548828125,1010.48765625,1010.157109375,1008.123359375,1004.099375,1000.597578125,1000.93265625,979.925,947.8778125,922.79328125,903.36375,883.86953125,859.94734375,905.278671875,978.000859375,983.01140625,1009.84125,1010.0984375,1010.207734375,1010.412265625,1010.58,1009.72109375,1006.86359375,1001.42953125,995.6696875,990.843125,970.156484375,946.327421875,930.966484375,898.915,876.611484375,862.205859375,888.909765625,955.74640625,981.373046875,1009.571015625,1009.612109375,1009.615703125,1010.013671875,1010.47546875,1010.177734375,1006.847734375,1001.17265625,997.40859375,991.3109375,976.652109375,962.577421875,944.241953125,912.331796875,889.884296875,874.5225,872.679765625,940.901328125,982.58921875,1009.226875,1009.05828125,1009.03390625,1009.539296875,1010.13609375,1010.474375,1008.529296875,1005.641171875,1003.018125,1000.494921875,993.391953125,982.89875,962.971875,933.459765625,908.983046875,899.268359375,885.622578125,926.7775,975.72390625,1008.838671875,1008.61234375,1009.021015625,1009.605234375,1010.193359375,1010.68578125,1010.350078125,1009.393046875,1008.17578125,1006.078203125,1003.59484375,998.9009375,987.5203125,966.015078125,931.918984375,905.232109375,905.554453125,911.130625,959.654609375,1008.598046875,1008.686328125,1009.225703125,1009.676875,1010.27953125,1010.843671875,1010.9225,1010.710234375,1010.249453125,1009.104609375,1008.277578125,1008.488984375,1004.8440625,988.261484375,948.342890625,912.627109375,916.72078125,907.743125,929.643984375,1008.5503125,1009.031875,1009.7334375,1010.5378125,1010.224921875,1010.571796875,1010.5453125,1010.242109375,1009.53953125,1009.848828125,1009.11671875,1003.384453125,999.35390625,988.456328125,958.51140625,910.146484375,902.565078125,901.59921875,886.59375,1007.86265625,1007.256953125,1006.3446875,1003.802109375,998.887265625,997.68625,992.33796875,985.518984375,985.221875,981.956875,964.656953125,934.87421875,936.778203125,943.98671875,926.73359375,890.428359375,868.592578125,875.790078125,850.800859375,1005.5346875,993.175234375,971.015,971.564921875,966.70625,929.760625,883.02640625,865.769296875,878.046953125,889.20875,894.89625,906.8196875,939.18265625,961.55859375,931.89953125,897.79359375,855.321796875,840.905,851.00328125,1005.781953125,983.05515625,958.246875,967.203828125,950.838046875,905.82359375,873.6828125,866.99,874.743828125,887.494375,901.11453125,938.4521875,980.88875,985.5334375,975.508828125,952.683125,887.69734375,846.233984375,863.3896875,1007.06765625,1001.119921875,993.295703125,990.30875,982.40265625,977.585234375,975.389453125,961.524765625,943.931171875,930.181328125,939.85203125,971.471953125,999.661953125,995.08234375,987.70328125,989.378984375,970.746875,919.42703125,880.7709375
2020-02-14 21:00:00,1010.1128125,1010.18546875,1010.3296875,1010.571171875,1010.366171875,1010.6515625,1010.443125,1008.08640625,1003.933515625,1002.915703125,998.992421875,975.663515625,936.643984375,906.84796875,870.07921875,861.74859375,921.888984375,966.64390625,974.803203125,1010.083359375,1010.23578125,1010.288046875,1010.339375,1010.189296875,1010.608515625,1009.747734375,1006.290234375,1002.878046875,1003.530703125,990.7525,961.451171875,929.60484375,909.84171875,885.21078125,854.9753125,907.626328125,979.389765625,984.626953125,1009.734453125,1010.13390625,1010.36375,1010.470390625,1010.3765625,1010.07765625,1007.930625,1003.76125,1000.0071875,1000.311484375,979.410234375,947.45171875,922.381328125,902.9428125,883.4990625,859.696640625,905.1746875,978.34234375,983.37609375,1009.54109375,1010.04078125,1010.259375,1010.466875,1010.586484375,1009.712265625,1006.73296875,1001.1221875,995.162890625,990.27921875,969.704375,945.951015625,930.598828125,898.576875,876.345390625,861.99984375,888.77421875,955.919296875,981.837265625,1009.209609375,1009.4496875,1009.65609375,1010.118203125,1010.541796875,1010.225625,1006.779140625,1000.959609375,997.06171875,990.907890625,976.3340625,962.309453125,943.961875,912.112578125,889.73203125,874.389296875,872.5909375,941.004453125,982.99125,1008.82984375,1008.83171875,1009.0021875,1009.64015625,1010.2521875,1010.571484375,1008.57078125,1005.574296875,1002.83171875,1000.29375,993.29125,982.793125,962.8075,933.317578125,908.91734375,899.275625,885.64,926.929296875,975.9740625,1008.44953125,1008.322890625,1008.901015625,1009.676484375,1010.35234375,1010.91171875,1010.557578125,1009.4840625,1008.133203125,1006.01375,1003.6215625,998.952109375,987.54953125,965.9625,931.861015625,905.25484375,905.595078125,911.278828125,959.895,1008.1840625,1008.38171875,1009.10765625,1009.743203125,1010.405078125,1010.9484375,1011.012421875,1010.78390625,1010.34609375,1009.258828125,1008.613671875,1008.949375,1005.288359375,988.471953125,948.27734375,912.552578125,916.753125,907.94484375,929.88453125,1008.110859375,1008.69015625,1009.50484375,1010.436953125,1010.232578125,1010.7753125,1010.986015625,1010.894453125,1010.336484375,1010.806015625,1010.136328125,1004.120546875,999.768359375,988.68578125,958.5153125,910.111015625,902.64765625,901.740078125,886.656640625,1007.523671875,1007.04984375,1006.24421875,1003.8428125,999.10671875,998.13609375,992.979765625,986.320859375,986.2096875,983.059453125,965.485625,935.233203125,937.05859375,944.167734375,926.732578125,890.381328125,868.593125,875.860234375,850.82,1005.16859375,992.895234375,970.821953125,971.50046875,966.6753125,929.56625,882.763515625,865.5653125,877.95890625,889.19640625,894.907421875,906.874765625,939.378828125,961.76578125,931.88953125,897.77734375,855.3390625,840.99375,851.111484375,1005.455,982.637890625,957.8765625,966.95109375,950.467109375,905.292578125,873.1975,866.600390625,874.42078125,887.24046875,900.94703125,938.41578125,981.045234375,985.767578125,975.69265625,952.856484375,887.81453125,846.351015625,863.5034375,1006.919296875,1000.82296875,992.95921875,990.068203125,982.119921875,977.27734375,974.959765625,961.031484375,943.551953125,929.903515625,939.673359375,971.40625,999.888359375,995.33984375,987.988359375,989.69484375,970.98125,919.53,880.83890625
2020-02-15 00:00:00,1010.76921875,1010.769140625,1011.103203125,1011.67515625,1011.550703125,1011.72515625,1011.465,1009.04046875,1004.7040625,1003.46171875,999.34890625,975.8971875,936.89984375,907.1646875,870.46296875,862.385390625,922.859296875,967.737421875,975.88140625,1010.676875,1010.737421875,1010.977734375,1011.2915625,1011.270234375,1011.590625,1010.745703125,1007.2246875,1003.633203125,1004.09390625,991.13546875,961.77875,929.9496875,910.204375,885.574453125,855.4959375,908.486953125,980.531640625,985.635859375,1010.33375,1010.67140625,1011.034375,1011.2834375,1011.297109375,1010.993046875,1008.884609375,1004.653359375,1000.74703125,1000.921796875,979.842109375,947.858515625,922.80125,903.34296875,883.87515625,860.173515625,905.944609375,979.437890625,984.26265625,1010.166015625,1010.608984375,1010.927265625,1011.18828125,1011.3840625,1010.53546875,1007.6096875,1001.974453125,995.90203125,990.921171875,970.231953125,946.4234375,931.00953125,898.9503125,876.708515625,862.42765625,889.34078125,956.819453125,982.7325,1009.900859375,1010.128203125,1010.37078125,1010.8246875,1011.28421875,1010.9884375,1007.57421875,1001.7740625,997.845546875,991.6834375,977.03265625,962.900234375,944.390546875,912.44609375,890.050625,874.762890625,873.045078125,941.7575,983.88703125,1009.638671875,1009.59421875,1009.746328125,1010.360078125,1010.9778125,1011.31015625,1009.33984375,1006.454375,1003.808984375,1001.30421875,994.162890625,983.497890625,963.338515625,933.680234375,909.219765625,899.586796875,885.986015625,927.37890625,976.824609375,1009.26828125,1009.080390625,1009.6290625,1010.40734375,1011.123828125,1011.738671875,1011.50234375,1010.6075,1009.318359375,1007.172578125,1004.68,999.86734375,988.270546875,966.457265625,932.185859375,905.52546875,905.86984375,911.676953125,960.577734375,1008.987421875,1009.10046875,1009.8265625,1010.546640625,1011.358125,1011.984921875,1012.10703125,1011.956484375,1011.558828125,1010.39265625,1009.56765625,1009.694453125,1005.899140625,989.035,948.74375,912.938125,917.153359375,908.3071875,930.392890625,1008.9053125,1009.47234375,1010.37765625,1011.441875,1011.374765625,1011.962109375,1012.17859375,1012.049375,1011.344453125,1011.56484375,1010.644453125,1004.582421875,1000.2859375,989.257890625,959.11890625,910.57875,903.073671875,902.105625,887.033984375,1008.32328125,1007.919140625,1007.228984375,1004.86515625,1000.110078125,999.0978125,993.818125,987.01609375,986.768359375,983.461640625,965.8909375,935.732421875,937.609921875,944.72734375,927.2565625,890.775078125,868.953984375,876.20484375,851.133046875,1005.9159375,993.53921875,971.45578125,972.15703125,967.24046875,930.06609375,883.21640625,865.98640625,878.37375,889.636796875,895.417890625,907.4284375,939.94046875,962.343359375,932.374140625,898.13625,855.65171875,841.350546875,851.432578125,1005.993671875,983.04375,958.32578125,967.464453125,950.90640625,905.733203125,873.59046875,866.95640625,874.798515625,887.728515625,901.508125,939.04875,981.755625,986.47,976.331328125,953.37125,888.21078125,846.753671875,863.89125,1007.493046875,1001.286015625,993.59390625,990.694296875,982.720546875,977.907734375,975.55203125,961.5215625,944.029140625,930.423984375,940.27953125,972.178046875,1000.72,996.163828125,988.873359375,990.628515625,971.919140625,920.222421875,881.3475
